City_ID,City,Country,Lat,Lng,Max Temp,Humidity,Cloudiness,Wind Speed,Current Description
0,Hilo,US,19.7297,-155.09,72.81,96,90,5.75,moderate rain
1,Atuona,PF,-9.8,-139.0333,78.57,79,7,17.98,clear sky
2,Tasiilaq,GL,65.6145,-37.6368,26.76,56,100,8.75,overcast clouds
3,Qaanaaq,GL,77.484,-69.3632,1.54,77,100,5.99,overcast clouds
4,Aklavik,CA,68.2191,-135.0107,-12.17,97,100,14.38,light snow
5,Punta Arenas,CL,-53.15,-70.9167,44.71,65,20,14.97,few clouds
6,Salalah,OM,17.0151,54.0924,75.29,46,0,4.61,clear sky
7,Cayenne,GF,4.9333,-52.3333,81.09,86,0,1.14,clear sky
8,Tevaitoa,PF,-16.7833,-151.5,82.08,75,9,16.22,clear sky
9,Busselton,AU,-33.65,115.3333,77.7,42,54,6.35,broken clouds
10,Hermanus,ZA,-34.4187,19.2345,62.8,78,4,27.47,clear sky
11,Araouane,ML,18.9048,-3.5265,75.09,34,32,7.14,scattered clouds
12,Tiksi,RU,71.6872,128.8694,2.39,80,100,5.57,overcast clouds
13,Mahebourg,MU,-20.4081,57.7,73.69,88,40,3.44,scattered clouds
14,Cabo San Lucas,MX,22.8909,-109.9124,77.61,76,90,3.0,overcast clouds
15,San Ramon,US,37.7799,-121.978,59.38,75,1,5.75,haze
16,Narsaq,GL,60.9167,-46.05,35.82,99,100,5.7,moderate rain
17,Nanortalik,GL,60.1432,-45.2371,40.08,98,100,12.84,moderate rain
18,Half Moon Bay,US,37.4636,-122.4286,61.61,65,1,0.0,clear sky
19,Chuy,UY,-33.6971,-53.4616,63.63,97,100,9.4,light rain
20,Acapulco,MX,16.8634,-99.8901,78.13,82,1,5.01,clear sky
21,Clyde River,CA,70.4692,-68.5914,-4.05,99,99,3.2,overcast clouds
22,Nardaran,AZ,40.5561,50.0056,38.84,81,0,4.61,clear sky
23,Mataura,NZ,-46.1927,168.8643,56.93,77,100,6.67,light rain
24,Bengkulu,ID,-3.8004,102.2655,84.02,66,62,3.83,broken clouds
25,Ushuaia,AR,-54.8,-68.3,42.46,65,20,25.32,few clouds
26,Vikhorevka,RU,56.1201,101.1636,31.59,87,100,4.97,overcast clouds
27,Kapaa,US,22.0752,-159.319,84.18,72,20,1.99,light rain
28,Barrow,US,71.2906,-156.7887,-9.38,70,40,11.5,haze
29,Honningsvag,NO,70.9821,25.9704,26.19,57,100,10.16,overcast clouds
30,Norman Wells,CA,65.282,-126.8329,-16.56,69,90,9.22,light snow
31,Akdepe,TM,42.0551,59.3788,30.29,84,5,7.2,clear sky
32,Talara,PE,-4.5772,-81.2719,65.43,90,100,11.03,overcast clouds
33,Tuktoyaktuk,CA,69.4541,-133.0374,-0.4,78,75,17.27,broken clouds
34,Kruisfontein,ZA,-34.0033,24.7314,61.88,81,95,19.95,overcast clouds
35,Ilulissat,GL,69.2167,-51.1,24.82,54,20,14.97,few clouds
36,Makinsk,KZ,52.6292,70.4169,6.64,88,92,12.41,overcast clouds
37,Qinhuangdao,CN,39.9317,119.5883,42.89,41,0,5.41,clear sky
38,Saint-Francois,FR,46.4154,3.9054,35.04,93,90,5.75,mist
39,Husavik,IS,66.0449,-17.3389,26.51,72,100,22.86,light snow
40,Port Alfred,ZA,-33.5906,26.891,63.54,77,93,22.79,overcast clouds
41,Lingao,CN,19.9103,109.6859,72.34,62,2,9.51,clear sky
42,Cidreira,BR,-30.1811,-50.2056,69.31,97,100,7.45,overcast clouds
43,Laguna,US,38.421,-121.4238,59.5,75,1,4.61,haze
44,Rikitea,PF,-23.1203,-134.9692,76.87,72,8,10.4,clear sky
45,Cap Malheureux,MU,-19.9842,57.6142,73.89,81,3,3.0,clear sky
46,Matagami,CA,49.7502,-77.6328,21.31,100,90,12.66,light snow
47,Mount Gambier,AU,-37.8333,140.7667,57.11,67,90,21.85,overcast clouds
48,Novobirilyussy,RU,56.9514,90.6661,12.0,90,100,10.8,overcast clouds
49,Longyearbyen,SJ,78.2186,15.6401,10.24,61,75,14.97,light snow
50,Chapais,CA,49.7834,-74.8492,28.18,99,100,2.93,light snow
51,Bredasdorp,ZA,-34.5322,20.0403,62.28,76,71,27.31,broken clouds
52,Ponta Do Sol,PT,32.6667,-17.1,63.72,69,100,7.56,overcast clouds
53,Qena,EG,26.1615,32.7183,57.31,38,1,4.03,clear sky
54,Ishigaki,JP,24.3448,124.1572,75.33,69,75,18.41,broken clouds
55,Angoche,MZ,-16.2325,39.9086,78.04,76,100,12.12,overcast clouds
56,Mongo,TD,12.1844,18.693,73.83,19,15,5.1,few clouds
57,Bantou,CN,26.2151,117.4893,63.0,50,0,2.75,clear sky
58,Albany,US,42.6001,-73.9662,41.61,83,100,1.41,light rain
59,San Policarpo,PH,12.1791,125.5072,83.16,82,100,9.06,overcast clouds
60,Puerto Ayora,EC,-0.7393,-90.3518,70.56,88,64,7.0,broken clouds
61,Newport,GB,51.5877,-2.9984,46.85,82,100,14.05,overcast clouds
62,Arraial Do Cabo,BR,-22.9661,-42.0278,71.56,88,20,11.5,few clouds
63,Bluff,NZ,-46.6,168.3333,49.87,91,100,10.6,light rain
64,Ambulu,ID,-8.345,113.6058,83.66,74,97,3.38,light rain
65,Mar Del Plata,AR,-38.0023,-57.5575,64.09,92,0,1.01,clear sky
66,Manaure,CO,11.7751,-72.4445,79.3,79,73,12.21,broken clouds
67,Kifri,IQ,34.6959,44.9661,61.48,40,97,3.06,overcast clouds
68,Hobart,AU,-42.8794,147.3294,62.06,58,75,3.0,broken clouds
69,Lebu,CL,-37.6167,-73.65,53.8,91,35,12.33,scattered clouds
70,Butaritari,KI,3.0707,172.7902,82.74,70,100,16.62,overcast clouds
71,San Matias,BO,-16.3667,-58.4,76.64,87,60,4.18,broken clouds
72,Winnemucca,US,40.973,-117.7357,41.05,33,1,4.61,clear sky
73,Zaykovo,RU,57.5613,62.7568,7.52,95,11,5.95,few clouds
74,Alexandria,EG,31.2156,29.9553,59.54,94,14,0.0,mist
75,Hami,CN,42.8,93.45,27.88,59,0,3.24,clear sky
76,Shakawe,BW,-18.3667,21.85,72.63,53,57,3.09,broken clouds
77,Tura,IN,25.5198,90.2201,63.59,60,0,2.04,clear sky
78,Anadyr,RU,64.75,177.4833,-3.5,77,20,6.71,few clouds
79,Nantucket,US,41.2835,-70.0995,51.91,76,20,10.36,few clouds
80,Coihaique,CL,-45.5752,-72.0662,49.95,57,20,5.75,light rain
81,Saint-Pierre,RE,-21.3393,55.4781,78.48,69,90,3.44,overcast clouds
82,Marovoay,MG,-16.1,46.6333,77.14,88,100,3.49,overcast clouds
83,Bilibino,RU,68.0546,166.4372,-30.55,99,90,3.56,overcast clouds
84,Ribeira Grande,PT,38.5167,-28.7,62.83,69,17,23.33,few clouds
85,Cape Town,ZA,-33.9258,18.4232,65.1,60,0,5.75,clear sky
86,Daru,PG,-9.0763,143.2092,85.06,68,100,4.47,overcast clouds
87,Geraldton,AU,-28.7667,114.6,95.41,10,0,20.71,clear sky
88,Sapozhok,RU,53.9419,40.6806,34.97,88,74,16.24,broken clouds
89,Vaini,TO,-21.2,-175.2,86.16,84,75,8.05,light rain
90,Warwick,US,41.7001,-71.4162,48.87,65,75,0.0,broken clouds
91,Mantua,IT,45.1667,10.7833,49.44,92,100,5.99,overcast clouds
92,Lazaro Cardenas,MX,17.9583,-102.2,77.07,82,3,4.38,clear sky
93,Gondanglegi,ID,-7.7479,112.0132,86.43,66,53,12.21,broken clouds
94,Saldanha,ZA,-33.0117,17.9442,71.65,51,5,11.79,clear sky
95,Kaitangata,NZ,-46.2817,169.8464,52.57,89,100,8.52,overcast clouds
96,Platonovka,RU,52.7106,41.952,29.12,89,67,12.73,broken clouds
97,Havre-Saint-Pierre,CA,50.2334,-63.5986,41.36,100,90,5.75,mist
98,San Benito,US,36.6166,-121.0844,51.06,51,100,3.29,overcast clouds
99,Fort Nelson,CA,58.8053,-122.7002,0.99,78,75,2.3,broken clouds
100,Magnitogorsk,RU,53.4186,59.0472,25.63,80,90,13.42,light snow
101,Khandyga,RU,62.6667,135.6,-17.99,81,25,1.3,scattered clouds
102,Kalmunai,LK,7.4167,81.8167,78.87,85,91,4.41,overcast clouds
103,Dabakala,CI,8.3667,-4.4333,77.11,54,4,1.39,clear sky
104,Yellowknife,CA,62.456,-114.3525,11.41,91,90,4.0,light snow
105,Pisco,PE,-13.7,-76.2167,64.45,88,0,13.8,clear sky
106,Shimoda,JP,34.6667,138.95,62.96,52,0,19.93,clear sky
107,Nome,US,64.5011,-165.4064,-7.53,65,1,5.75,clear sky
108,Jilin,CN,43.0,126.0,19.4,64,36,4.36,scattered clouds
109,Sale,MA,34.0389,-6.8166,56.08,100,40,10.36,scattered clouds
110,Talnakh,RU,69.4865,88.3972,1.04,97,100,6.24,overcast clouds
111,Sarangani,PH,5.4033,125.4636,82.0,77,100,8.43,overcast clouds
112,Bathsheba,BB,13.2167,-59.5167,77.61,94,20,6.91,few clouds
113,Mint Hill,US,35.1796,-80.6473,53.04,59,1,5.75,clear sky
114,Kodiak,US,57.79,-152.4072,18.91,49,1,23.02,clear sky
115,Rameswaram,IN,9.2833,79.3,79.14,87,100,17.74,heavy intensity rain
116,Christchurch,NZ,-43.5333,172.6333,82.02,25,4,1.99,clear sky
117,Dzaoudzi,YT,-12.7887,45.2699,78.69,83,0,5.75,clear sky
118,Sitka,US,57.0531,-135.33,35.49,93,90,8.05,light rain
119,Faanui,PF,-16.4833,-151.75,82.11,72,11,15.39,few clouds
120,Tommot,RU,58.9564,126.2925,-1.37,93,89,1.68,overcast clouds
121,Iwanai,JP,42.9744,140.5089,36.41,76,95,15.59,moderate rain
122,Suicheng,CN,33.8963,117.9331,52.63,51,0,6.02,clear sky
123,Vila Franca Do Campo,PT,37.7167,-25.4333,61.21,72,58,15.03,broken clouds
124,Araure,VE,9.5601,-69.2148,72.88,93,73,3.62,broken clouds
125,La Ronge,CA,55.1001,-105.2842,16.05,79,75,10.36,broken clouds
126,Saskylakh,RU,71.9167,114.0833,-15.48,99,24,8.52,few clouds
127,Birjand,IR,32.8663,59.2211,37.87,81,0,4.61,clear sky
128,Chokurdakh,RU,70.6333,147.9167,-30.33,100,39,4.07,scattered clouds
129,Mitchell,US,43.7094,-98.0298,24.78,58,1,5.99,clear sky
130,Cocachacra,PE,-17.0883,-71.7575,65.21,80,97,2.04,overcast clouds
131,Avera,US,33.194,-82.5271,58.71,80,28,7.9,scattered clouds
132,Georgetown,MY,5.4112,100.3354,81.9,86,20,1.01,few clouds
133,Sur,OM,22.5667,59.5289,74.25,71,5,3.69,clear sky
134,Port Lincoln,AU,-34.7333,135.8667,61.66,51,65,19.84,broken clouds
135,Coari,BR,-4.085,-63.1414,76.42,87,68,1.12,broken clouds
136,Sola,VU,-13.8833,167.55,81.82,73,5,16.35,clear sky
137,Avarua,CK,-21.2078,-159.775,82.45,78,45,9.22,light rain
138,Svetlyy,RU,54.675,20.1347,39.25,78,100,20.09,overcast clouds
139,Nikolskoye,RU,59.7035,30.7861,40.01,84,100,13.09,overcast clouds
140,Bereda,ES,43.2686,-7.5406,48.92,100,100,5.26,overcast clouds
141,Bankura,IN,23.25,87.0667,68.85,54,0,3.87,clear sky
142,Kavieng,PG,-2.5744,150.7967,84.69,67,79,5.95,broken clouds
143,Biak,ID,-0.9131,122.8766,83.37,70,100,0.49,overcast clouds
144,Sao Felix Do Xingu,BR,-6.6447,-51.995,73.62,97,100,0.18,overcast clouds
145,Ugep,NG,5.8086,8.0812,74.41,95,12,4.12,few clouds
146,Souillac,MU,-20.5167,57.5167,73.78,88,40,3.44,scattered clouds
147,Margate,GB,51.3813,1.3862,38.7,76,94,1.99,overcast clouds
148,Saint-Philippe,RE,-21.3585,55.7679,78.39,82,42,1.59,light rain
149,Ancud,CL,-41.8697,-73.8203,50.43,84,100,4.72,overcast clouds
150,Sergeyevka,KZ,53.88,67.4158,10.31,94,79,11.12,broken clouds
151,Tomatlan,MX,19.9333,-105.25,70.32,72,41,4.32,scattered clouds
152,Lensk,RU,60.7253,114.9278,0.61,94,96,3.56,overcast clouds
153,Lashio,MM,22.9333,97.75,63.66,77,8,1.12,clear sky
154,Pecos,US,31.4229,-103.4932,52.3,34,1,0.0,clear sky
155,Tumkur,IN,13.3422,77.1017,72.16,88,100,5.08,overcast clouds
156,Aberdeen,GB,57.1437,-2.0981,43.48,90,75,9.22,moderate rain
157,Vila Velha,BR,-20.3297,-40.2925,73.35,88,75,2.3,broken clouds
158,Axim,GH,4.8699,-2.2405,79.3,84,8,6.67,clear sky
159,Baykit,RU,61.67,96.37,9.73,96,100,0.63,overcast clouds
160,Airai,TL,-8.9266,125.4092,76.26,58,33,1.32,scattered clouds
161,Castro,BR,-24.7911,-50.0119,66.58,73,100,4.63,light rain
162,Coahuayana,MX,18.7333,-103.6833,73.54,87,0,2.28,clear sky
163,Tual,ID,-5.6667,132.75,83.57,68,100,1.25,overcast clouds
164,Mangrol,IN,21.1167,70.1167,73.69,40,28,6.87,scattered clouds
165,Lavrentiya,RU,65.5833,-171.0,-6.68,88,11,9.4,few clouds
166,Hithadhoo,MV,-0.6,73.0833,81.3,69,85,11.83,overcast clouds
167,Beyneu,KZ,45.3167,55.2,25.56,38,0,6.38,clear sky
168,Provideniya,RU,64.3833,-173.3,1.51,60,0,6.71,clear sky
169,Muisne,EC,0.6,-80.0333,74.08,80,100,6.62,overcast clouds
170,Hambantota,LK,6.1241,81.1185,73.74,100,20,3.44,few clouds
171,Sigli,ID,5.3848,95.9609,79.05,83,99,2.37,overcast clouds
172,Abaza,RU,52.655,90.0928,25.77,89,100,11.72,light snow
173,Marsa Matruh,EG,31.3525,27.2453,59.2,88,0,4.61,clear sky
174,Itaituba,BR,-4.2761,-55.9836,75.85,95,100,2.46,overcast clouds
175,Sao Filipe,CV,14.8961,-24.4956,77.9,74,98,10.87,overcast clouds
176,Sao Luiz Gonzaga,BR,-28.4083,-54.9608,67.51,95,80,10.49,broken clouds
177,Constitucion,CL,-35.3333,-72.4167,56.98,77,0,12.73,clear sky
178,Asau,RO,46.4333,26.4,35.76,69,1,5.77,clear sky
179,San Patricio,US,28.017,-97.5169,57.83,65,100,15.77,overcast clouds
180,Iqaluit,CA,63.7506,-68.5145,24.53,68,75,6.91,broken clouds
181,Klaksvik,FO,62.2266,-6.589,36.52,69,91,34.81,overcast clouds
182,Victoria,HK,22.2855,114.1577,72.25,60,0,1.99,clear sky
183,Gamba,GA,-2.65,10.0,75.83,92,100,4.41,light rain
184,Comodoro Rivadavia,AR,-45.8667,-67.5,64.26,24,0,17.27,clear sky
185,Javanrud,IR,34.7961,46.5172,45.36,49,76,0.4,broken clouds
186,Polunochnoye,RU,60.8697,60.4153,4.32,92,70,3.98,broken clouds
187,Tautira,PF,-17.7333,-149.15,87.82,71,3,16.44,clear sky
188,Kungurtug,RU,50.5994,97.5228,22.39,79,100,2.59,overcast clouds
189,Bull Savanna,JM,17.8868,-77.5902,73.94,82,26,5.75,scattered clouds
190,Port Elizabeth,ZA,-33.918,25.5701,64.09,80,95,22.75,overcast clouds
191,Urdoma,RU,61.7533,48.5442,17.38,95,100,9.73,light snow
192,Calvinia,ZA,-31.4707,19.776,62.96,48,64,22.44,broken clouds
193,Krasnoselkup,RU,65.7,82.4667,3.07,96,100,10.45,overcast clouds
194,Aurillac,FR,44.9167,2.45,39.45,93,90,3.44,overcast clouds
195,Usinsk,RU,65.9939,57.5281,-10.17,100,87,5.12,overcast clouds
196,Muros,ES,42.7762,-9.0603,51.24,84,75,16.44,broken clouds
197,Andenes,NO,69.3143,16.1194,26.58,80,90,17.27,light snow
198,La Mana,EC,-0.9333,-79.2167,80.89,85,100,2.84,light rain
199,Bhandaria,BD,22.4861,90.0609,69.71,58,0,5.32,clear sky
200,Taoudenni,ML,22.6783,-3.9836,74.62,32,55,8.59,broken clouds
201,Thompson,CA,55.7435,-97.8558,-2.04,78,90,3.44,overcast clouds
202,Halifax,CA,44.6453,-63.5724,46.49,95,100,7.0,overcast clouds
203,Innisfail,AU,-17.5333,146.0333,80.83,77,100,5.19,overcast clouds
204,Cairns,AU,-16.9167,145.7667,87.75,62,100,12.66,overcast clouds
205,Yulin,CN,22.6333,110.15,67.95,49,3,6.24,clear sky
206,Itamarandiba,BR,-17.8572,-42.8589,61.07,92,3,1.79,clear sky
207,Kushiro,JP,42.975,144.3747,40.15,45,20,14.97,few clouds
208,Hede,CN,33.7681,120.2517,56.1,50,0,6.04,clear sky
209,Maeriste,RO,47.3167,22.8,43.09,76,96,7.2,overcast clouds
210,Churapcha,RU,62.0025,132.4325,-12.71,88,70,3.04,broken clouds
211,Caceres,ES,39.522,-6.3748,38.8,83,14,3.78,few clouds
212,Roald,NO,62.5833,6.1333,32.32,93,75,6.91,light snow
213,Quelimane,MZ,-17.8786,36.8883,76.95,83,75,5.99,light rain
214,Taizhou,CN,32.4933,119.9106,59.9,48,0,5.86,clear sky
215,Voh,NC,-20.9667,164.7,86.16,50,43,2.21,scattered clouds
216,Kutum,SD,14.2,24.6667,58.03,19,0,6.29,clear sky
217,Jamestown,US,42.097,-79.2353,44.19,70,90,5.99,mist
218,Kavaratti,IN,10.5669,72.642,81.99,72,100,1.83,overcast clouds
219,Padang,ID,-0.9492,100.3543,84.25,65,98,4.74,overcast clouds
220,Les Cayes,HT,18.2,-73.75,75.97,81,20,8.41,few clouds
221,Amapa,BR,1.0,-52.0,72.61,96,96,2.53,overcast clouds
222,Tyumentsevo,RU,53.3224,81.498,-5.21,99,53,7.65,broken clouds
223,Belaya Gora,RU,68.5333,146.4167,-37.12,100,65,2.24,broken clouds
224,Faya,SA,18.3851,42.4509,53.71,73,3,0.47,clear sky
225,Isangel,VU,-19.55,169.2667,87.91,58,75,11.5,broken clouds
226,Lata,PT,40.1629,-8.3327,47.8,88,9,4.32,clear sky
227,Ostrovnoy,RU,68.0531,39.5131,25.54,61,100,13.13,overcast clouds
228,Broome,US,42.2506,-75.833,43.38,80,100,1.01,overcast clouds
229,Mundo Nuevo,MX,18.7,-95.5,76.78,77,5,12.64,clear sky
230,Port Hardy,CA,50.6996,-127.4199,46.58,93,90,2.3,overcast clouds
231,Lasa,IT,46.6166,10.7002,42.26,94,100,1.45,overcast clouds
232,Ust-Kulom,RU,61.6864,53.6902,9.09,96,100,3.22,overcast clouds
233,Verkhoyansk,RU,67.5447,133.385,-38.11,99,43,1.32,scattered clouds
234,Vung Tau,VN,10.346,107.0843,78.03,81,100,6.38,overcast clouds
235,Teya,RU,60.3778,92.6267,5.18,99,99,2.75,overcast clouds
236,Nelson Bay,AU,-32.7167,152.15,66.99,96,100,3.0,moderate rain
237,Ixtapa,MX,20.7,-105.2,68.61,75,13,3.67,few clouds
238,New Norfolk,AU,-42.7826,147.0587,61.72,47,55,3.0,broken clouds
239,Nakhon Si Thammarat,TH,8.25,100.0,84.02,79,65,4.81,light rain
240,Homer,US,59.6425,-151.5483,18.09,80,90,11.5,light snow
241,Vagur,FO,61.4732,-6.8119,38.17,71,89,37.45,overcast clouds
242,Saint George,US,37.1041,-113.5841,52.39,28,1,1.01,clear sky
243,Dongsheng,CN,39.8161,109.9776,32.61,33,0,2.93,clear sky
244,Loa Janan,ID,-0.583,117.095,85.6,69,95,4.23,overcast clouds
245,Nuuk,GL,64.1835,-51.7216,21.24,81,100,9.13,overcast clouds
246,Teahupoo,PF,-17.8333,-149.2667,82.36,70,8,17.29,clear sky
247,Bokovskaya,RU,49.229,41.8306,26.35,76,3,6.91,clear sky
248,Muroto,JP,33.2833,134.15,59.04,54,2,7.52,clear sky
249,Big Spring,US,32.2504,-101.4787,47.68,36,1,1.01,clear sky
250,Lompoc,US,34.6391,-120.4579,61.79,81,1,8.05,clear sky
251,Jacqueville,CI,5.2052,-4.4146,84.11,78,16,10.63,light rain
252,Sassandra,CI,4.95,-6.0833,78.22,88,44,5.77,light rain
253,Alyangula,AU,-13.8483,136.4192,73.27,100,90,12.66,thunderstorm with heavy rain
254,Shellbrook,CA,53.2168,-106.4011,15.03,97,100,5.06,overcast clouds
255,Alofi,NU,-19.0595,-169.9187,78.69,89,75,10.36,broken clouds
256,Oussouye,SN,12.485,-16.5469,78.98,84,99,6.35,overcast clouds
257,Miri,MY,4.4148,114.0089,84.34,70,20,5.75,few clouds
258,Pevek,RU,69.7008,170.3133,-16.53,100,100,3.22,overcast clouds
259,Mehamn,NO,71.0357,27.8492,18.48,76,100,9.1,overcast clouds
260,Riverton,US,40.5219,-111.9391,42.17,61,1,1.01,clear sky
261,Sunyani,GH,7.3399,-2.3268,71.31,85,4,4.34,clear sky
262,Pozo Colorado,PY,-23.4923,-58.7972,83.7,57,48,4.23,scattered clouds
263,Berlevag,NO,70.8578,29.0864,21.18,77,100,10.71,overcast clouds
264,Prince Albert,CA,53.2001,-105.7677,15.75,86,90,2.3,overcast clouds
265,Sesimbra,PT,38.4445,-9.1015,50.95,81,3,7.16,clear sky
266,East London,ZA,-33.0153,27.9116,62.76,81,100,15.26,overcast clouds
267,Fereydun Kenar,IR,36.6864,52.5225,55.31,80,91,2.53,overcast clouds
268,Khatanga,RU,71.9667,102.5,-10.86,99,100,4.05,overcast clouds
269,Dabat,ET,12.9842,37.765,52.38,60,1,7.4,clear sky
270,Kirakira,SB,-10.4544,161.9205,83.64,78,89,5.1,overcast clouds
271,Esperance,AU,-33.8667,121.9,66.04,56,0,8.03,clear sky
272,Sobolevo,RU,54.4299,31.8996,29.59,85,28,16.96,scattered clouds
273,Prilep,MK,41.3464,21.5544,41.47,90,100,2.93,overcast clouds
274,Kampene,CD,-3.6,26.6667,67.62,99,100,1.88,overcast clouds
275,Mangai,CD,-4.05,19.5333,67.87,98,91,1.61,overcast clouds
276,Buala,SB,-8.145,159.5921,84.7,69,36,2.13,moderate rain
277,Kaeo,NZ,-35.1,173.7833,67.46,65,42,7.07,scattered clouds
278,Fortuna,US,40.5982,-124.1573,53.37,73,1,1.01,clear sky
279,Flinders,AU,-34.5833,150.8552,65.8,91,100,5.99,light rain
280,Smidovich,RU,48.6,133.8167,17.82,88,100,5.03,overcast clouds
281,Iglesias,IT,39.3114,8.535,51.22,79,94,15.82,overcast clouds
282,Wana,PK,32.2989,69.5725,48.88,38,3,5.12,clear sky
283,Kayerkan,RU,69.3497,87.7602,-3.41,95,100,5.32,overcast clouds
284,Pandavapura,IN,12.5006,76.6733,67.69,93,60,7.96,broken clouds
285,Nemuro,JP,43.3236,145.575,37.83,53,4,20.92,clear sky
286,Cristalina,BR,-16.7686,-47.6136,69.28,61,80,6.29,broken clouds
287,Vestmannaeyjar,IS,63.4427,-20.2734,30.34,67,0,27.47,clear sky
288,Marawi,PH,7.9986,124.2928,73.65,71,100,2.59,overcast clouds
289,Simao,CN,22.7886,100.9748,61.18,88,51,1.48,broken clouds
290,Dedza,MW,-14.3779,34.3332,59.34,94,99,6.02,overcast clouds
291,Kaniama,CD,-7.5667,24.1833,65.95,97,100,1.32,overcast clouds
292,Srednekolymsk,RU,67.45,153.6833,-33.84,100,20,1.83,few clouds
293,Port Blair,IN,11.6667,92.75,80.82,78,77,3.44,broken clouds
294,Shitanjing,CN,39.2342,106.3439,34.74,34,9,5.61,clear sky
295,Sinor,IN,21.9167,73.3333,59.02,49,23,5.93,few clouds
296,Tonneins,FR,44.3921,0.3124,41.67,90,100,10.36,overcast clouds
297,North Bend,US,43.4065,-124.2243,52.86,90,75,5.75,broken clouds
298,Katsuura,JP,35.1333,140.3,59.11,49,0,4.85,clear sky
299,Mumford,GH,5.2618,-0.759,80.38,82,8,8.57,clear sky
300,Klyuchi,RU,52.2667,79.1667,4.77,94,65,7.65,broken clouds
301,Dese,ET,11.1333,39.6333,48.18,65,56,1.81,broken clouds
302,Atar,MR,20.5169,-13.0499,78.42,29,91,3.53,overcast clouds
303,Pachmarhi,IN,22.4667,78.4333,57.56,66,1,1.83,clear sky
304,Carnarvon,AU,-24.8667,113.6333,96.87,11,0,18.41,clear sky
305,Barahona,DO,18.2085,-71.1008,77.36,77,41,1.5,scattered clouds
306,Guerrero Negro,MX,27.9769,-114.0611,67.98,52,0,3.42,clear sky
307,Gizo,SB,-8.103,156.8419,84.6,70,13,3.8,light rain
308,Tessalit,ML,20.1986,1.0114,73.2,36,2,5.19,clear sky
309,Bandarbeyla,SO,9.4942,50.8122,78.6,79,93,15.08,overcast clouds
310,Soyo,AO,-6.1349,12.3689,78.37,84,100,4.0,overcast clouds
311,Jumla,NP,29.2747,82.1838,41.23,42,0,2.59,clear sky
312,Dikson,RU,73.5069,80.5464,-3.23,98,100,4.0,overcast clouds
313,Zunyi,CN,27.6867,106.9072,52.45,66,8,2.53,clear sky
314,Codrington,AU,-38.2667,141.9667,54.18,84,100,23.96,overcast clouds
315,Adrar,MR,20.5022,-10.0711,74.95,34,100,5.12,overcast clouds
316,Mahibadhoo,MV,3.7833,72.9667,81.21,76,93,11.7,overcast clouds
317,Abha,SA,18.2164,42.5053,53.42,87,0,0.0,clear sky
318,Varhaug,NO,58.6147,5.6457,34.9,74,100,4.81,light snow
319,Kajaani,FI,64.2273,27.7285,5.05,85,90,1.14,overcast clouds
320,Taltal,CL,-25.4,-70.4833,60.53,81,40,2.37,scattered clouds
321,Chumikan,RU,54.7183,135.315,12.36,92,100,9.26,overcast clouds
322,Lagoa,PT,39.05,-27.9833,61.57,68,16,29.66,few clouds
323,Maine-Soroa,NE,13.2114,12.0241,72.84,22,2,8.95,clear sky
324,Kenai,US,60.5544,-151.2583,18.03,88,90,0.0,light snow
325,Lamar,US,33.6668,-95.5836,47.86,49,24,9.4,few clouds
326,Itapirapua,BR,-15.8233,-50.6133,76.05,66,99,2.51,overcast clouds
327,Oranjestad,AW,12.524,-70.027,82.35,78,40,11.5,scattered clouds
328,Landskrona,SE,55.8708,12.8302,40.1,68,100,14.29,overcast clouds
329,Linxia,CN,35.6003,103.2064,36.84,31,22,1.41,few clouds
330,Tarabuco,BO,-19.1667,-64.9167,53.92,77,100,4.5,overcast clouds
331,Mackay,AU,-21.15,149.2,84.04,83,75,10.36,thunderstorm with rain
332,Cherskiy,RU,68.75,161.3,-30.41,100,100,4.43,overcast clouds
333,Los Llanos De Aridane,ES,28.6585,-17.9182,61.12,87,75,4.0,broken clouds
334,Karangasem,ID,-8.45,115.6167,83.28,67,84,7.49,broken clouds
335,Krasnyy Yar,RU,46.5331,48.3456,19.33,68,0,3.87,clear sky
336,Bundaberg,AU,-24.85,152.35,79.21,90,75,8.99,light rain
337,Caravelas,BR,-17.7125,-39.2481,70.97,81,6,5.46,clear sky
338,Itumbiara,BR,-18.4192,-49.2153,77.79,55,100,1.77,overcast clouds
339,Berdigestyakh,RU,62.0989,126.6992,-12.19,96,69,3.24,broken clouds
340,Maragogi,BR,-9.0122,-35.2225,78.12,82,17,6.38,few clouds
341,Terenos,BR,-20.4422,-54.8603,82.11,69,20,6.91,moderate rain
342,Brownwood,US,31.7093,-98.9912,47.21,46,1,5.75,clear sky
343,Chumphon,TH,10.3333,98.8333,71.71,86,85,4.47,overcast clouds
344,Khash,IR,28.2211,61.2158,47.44,50,0,4.59,clear sky
345,Bang Saphan,TH,11.2126,99.5117,80.55,73,100,9.22,overcast clouds
346,Rehoboth,NA,-23.3167,17.0833,59.81,21,0,8.32,clear sky
347,Monte Patria,CL,-30.6919,-70.9467,69.17,49,2,2.55,clear sky
348,Brae,GB,60.3964,-1.353,42.71,78,100,12.5,overcast clouds
349,Hervey Bay,AU,-25.2986,152.8535,79.03,91,100,4.0,overcast clouds
350,Nishihara,JP,26.1842,127.7558,72.68,56,40,12.66,scattered clouds
351,Kloulklubed,PW,7.0419,134.2556,84.29,77,92,17.67,overcast clouds
352,Waiouru,NZ,-39.4833,175.6667,65.86,42,85,8.5,overcast clouds
353,Dodola,ET,6.9833,39.1833,48.2,68,31,2.75,scattered clouds
354,Murray Bridge,AU,-35.1167,139.2667,68.68,39,0,21.36,clear sky
355,Severo-Kurilsk,RU,50.6789,156.125,36.16,82,82,7.27,broken clouds
356,Yabelo,ET,4.8833,38.0833,60.71,47,85,6.49,overcast clouds
357,Takoradi,GH,4.8845,-1.7554,79.7,84,24,6.38,few clouds
358,Upernavik,GL,72.7868,-56.1549,21.24,74,100,9.42,overcast clouds
359,Sorland,NO,67.667,12.6934,34.38,44,87,10.45,overcast clouds
360,Cabra,ES,37.4725,-4.4421,47.39,86,89,2.24,overcast clouds
361,Urambo,TZ,-5.0667,32.05,64.0,92,100,3.33,overcast clouds
362,Surt,LY,31.2089,16.5887,70.38,68,51,19.69,broken clouds
363,Tornio,FI,65.8481,24.1466,10.42,93,100,7.34,light snow
364,Pacific Grove,US,36.6177,-121.9166,61.43,53,100,1.01,overcast clouds
365,Lyuban,BY,52.7985,28.0048,33.12,82,19,12.8,few clouds
366,Los Algarrobos,PA,8.5,-82.4333,78.46,100,40,1.14,scattered clouds
367,Porto Walter,BR,-8.2686,-72.7439,78.67,73,92,2.84,overcast clouds
368,Lorengau,PG,-2.0226,147.2712,85.44,65,95,6.38,overcast clouds
369,San Pedro,PH,14.35,121.0167,81.63,79,90,3.44,overcast clouds
370,Noumea,NC,-22.2763,166.4572,82.99,99,36,8.77,scattered clouds
371,Panjab,AF,34.388,67.0233,24.64,80,28,3.53,scattered clouds
372,Raga,SS,8.4596,25.678,69.06,28,9,4.27,clear sky
373,Marsabit,KE,2.3284,37.9899,67.03,80,90,15.37,overcast clouds
374,Bubaque,GW,11.2833,-15.8333,83.3,70,99,9.78,overcast clouds
375,Burnie,AU,-41.0667,145.9167,60.08,56,69,4.83,broken clouds
376,Xiongzhou,CN,25.1167,114.3,63.12,39,0,4.27,clear sky
377,Luena,AO,-11.7833,19.9167,61.79,97,100,3.85,overcast clouds
378,Hadejia,NG,12.4498,10.0444,72.93,17,4,8.95,clear sky
379,Waingapu,ID,-9.6567,120.2641,86.02,66,88,3.4,overcast clouds
380,Katherine,AU,-14.4667,132.2667,93.52,43,40,8.05,scattered clouds
381,Pacifica,US,37.6138,-122.4869,60.58,66,1,4.0,clear sky
382,Pangnirtung,CA,66.1451,-65.7125,22.6,91,100,5.48,light snow
383,Isiro,CD,2.7739,27.616,64.8,83,94,2.21,overcast clouds
384,Asyut,EG,27.181,31.1837,60.98,52,0,5.19,clear sky
385,Natitingou,BJ,10.3042,1.3796,74.95,28,1,4.7,clear sky
386,Hofn,IS,64.2539,-15.2082,31.01,48,0,13.73,clear sky
387,Cedar City,US,37.6775,-113.0619,37.4,34,0,2.28,clear sky
388,Nalut,LY,30.3333,10.85,54.7,60,24,6.31,few clouds
389,Ouesso,CG,1.6136,16.0517,70.45,93,93,1.99,overcast clouds
390,Beihai,CN,21.4833,109.1,68.79,50,13,11.36,few clouds
391,Kargasok,RU,59.0556,80.8572,0.81,96,32,8.41,scattered clouds
392,Las Vegas,US,36.175,-115.1372,56.64,17,1,9.22,clear sky
393,Cefalu,IT,38.0386,14.0229,58.75,69,2,8.99,clear sky
394,Nyurba,RU,63.2842,118.3319,-9.22,100,98,2.8,overcast clouds
395,Tallahassee,US,30.4383,-84.2807,61.93,87,46,4.32,scattered clouds
396,Moose Factory,CA,51.2585,-80.6094,10.4,78,90,10.36,overcast clouds
397,Takhtamygda,RU,54.1,123.5667,8.76,77,100,1.92,overcast clouds
398,Jalu,LY,29.0331,21.5482,69.96,27,4,16.49,clear sky
399,Kanata,CA,45.3159,-75.8985,40.51,95,90,4.0,mist
400,Camacha,PT,33.0833,-16.3333,59.54,72,40,17.27,scattered clouds
401,Darfo,IT,45.8779,10.1812,47.14,96,100,1.63,overcast clouds
402,Dandong,CN,40.1292,124.3947,36.21,38,0,11.79,clear sky
403,Kaihua,CN,23.3687,104.28,54.07,92,100,3.31,overcast clouds
404,Damavand,IR,35.7178,52.065,37.24,54,96,2.08,overcast clouds
405,Hasaki,JP,35.7333,140.8333,61.29,57,4,7.61,clear sky
406,Leningradskiy,RU,69.3833,178.4167,-23.03,97,99,5.19,overcast clouds
407,Touros,BR,-5.1989,-35.4608,79.7,79,7,12.35,clear sky
408,College,US,64.8569,-147.8028,-2.42,69,40,0.0,light snow
409,Bambous Virieux,MU,-20.3428,57.7575,73.65,88,40,3.44,scattered clouds
410,Jiwani,PK,25.05,61.7417,76.26,46,0,8.79,clear sky
411,Dingle,PH,10.9995,122.6711,84.51,77,89,7.56,overcast clouds
412,Baoning,CN,25.3378,110.026,51.66,82,0,2.24,clear sky
413,Mackenzie,CA,55.2999,-123.1698,37.62,87,90,14.97,overcast clouds
414,Sakakah,SA,29.9697,40.2064,53.17,50,6,6.24,clear sky
415,Pozoblanco,ES,38.3791,-4.8483,39.78,93,99,2.04,overcast clouds
416,Conde,BR,-7.2597,-34.9075,80.06,83,20,6.91,few clouds
417,Alanje,PA,8.4,-82.55,79.72,100,40,1.14,scattered clouds
418,Chowchilla,US,37.123,-120.2602,61.45,44,73,4.54,broken clouds
419,Khorramshahr,IR,30.4397,48.1664,57.16,62,21,2.3,few clouds
420,Mayo,US,38.8876,-76.5119,51.57,82,100,1.01,overcast clouds
421,Salinopolis,BR,-0.6136,-47.3561,80.35,80,77,8.93,broken clouds
422,Berbera,SO,10.4396,45.0143,79.68,77,96,4.36,light rain
423,San Cristobal,VE,7.7669,-72.225,68.18,97,95,0.83,overcast clouds
424,Pocone,BR,-16.2567,-56.6228,74.25,91,99,2.71,overcast clouds
425,Ucluelet,CA,48.9329,-125.5528,52.09,94,100,3.33,overcast clouds
426,Ust-Tsilma,RU,65.441,52.1498,-2.31,99,100,3.2,overcast clouds
427,Beira,MZ,-19.8436,34.8389,75.96,68,100,13.09,overcast clouds
428,Noyabrsk,RU,63.1994,75.4507,1.02,94,76,11.52,broken clouds
429,Kenora,CA,49.8167,-94.4337,15.78,66,20,6.91,few clouds
430,Matamoros,MX,25.5333,-103.25,62.82,67,79,22.86,broken clouds
431,Ternate,ID,0.8,127.4,82.63,75,100,4.92,overcast clouds
432,Sept-Iles,CA,50.2001,-66.3821,36.12,93,90,1.01,overcast clouds
433,Bestobe,KZ,52.4994,73.0975,4.48,84,89,15.9,overcast clouds
434,Alice Springs,AU,-23.7,133.8833,71.15,56,90,10.36,overcast clouds
435,Yeppoon,AU,-23.1333,150.7333,83.98,69,99,8.75,overcast clouds
436,Samarinda,ID,-0.5,117.15,85.03,71,95,4.45,overcast clouds
437,Yulara,AU,-25.2406,130.9889,73.24,46,0,9.22,clear sky
438,Severomuysk,RU,56.1481,113.4267,-2.79,95,96,5.32,overcast clouds
439,Derzhavinsk,KZ,51.1,66.3167,15.28,93,100,15.86,overcast clouds
440,Fillan,NO,63.6064,8.9696,31.37,73,100,4.18,light snow
441,Songea,TZ,-10.6833,35.65,72.75,60,1,0.0,clear sky
442,Susaki,JP,33.3667,133.2833,59.07,48,7,3.02,clear sky
443,Medea,DZ,36.2642,2.7539,43.25,87,67,6.35,broken clouds
444,Carauari,BR,-4.8828,-66.8958,73.98,96,78,0.69,broken clouds
445,Burns Lake,CA,54.2331,-125.7533,42.22,70,83,12.77,broken clouds
446,Tuy Hoa,VN,13.0833,109.3,73.94,87,100,12.53,moderate rain
447,Narok,KE,-1.0783,35.8601,60.39,89,100,1.74,light rain
448,Obigarm,TJ,38.7173,69.7088,40.05,73,100,5.68,overcast clouds
449,Gubkinskiy,RU,64.434,76.5026,-4.54,93,73,12.24,broken clouds
450,Port Macquarie,AU,-31.4333,152.9167,73.29,94,90,4.61,moderate rain
451,Voi,KE,-3.3945,38.563,73.63,89,100,5.23,light rain
452,Torbay,CA,47.6666,-52.7314,52.29,99,90,21.85,light intensity drizzle
453,Svetlaya,RU,46.5389,138.3297,29.84,62,100,13.06,overcast clouds
454,Vostok,RU,46.4856,135.8833,13.15,92,100,4.32,light snow
455,Kingseat,GB,56.0974,-3.4084,46.38,92,20,13.0,few clouds
456,Anloga,GH,5.7947,0.8973,82.62,81,9,11.03,clear sky
457,Tortosa,ES,40.8125,0.5216,51.24,78,94,10.38,overcast clouds
458,Gazojak,TM,41.1875,61.4036,27.09,75,15,9.46,few clouds
459,Inhambane,MZ,-23.865,35.3833,69.67,77,6,9.44,clear sky
460,Bosaso,SO,11.2842,49.1816,76.93,84,43,0.72,scattered clouds
461,Caohai,CN,26.8661,104.2841,40.66,93,100,3.78,overcast clouds
462,Damietta,EG,31.4165,31.8133,62.49,70,40,1.39,scattered clouds
463,Itarema,BR,-2.9248,-39.9167,80.62,77,84,13.8,broken clouds
464,Shubarkuduk,KZ,49.1447,56.4872,15.84,92,76,7.07,broken clouds
465,Yerbogachen,RU,61.2767,108.0108,6.87,99,100,3.31,overcast clouds
466,Wad Madani,SD,14.4012,33.5199,73.92,25,0,10.54,clear sky
467,Beringovskiy,RU,63.05,179.3167,1.49,93,100,10.89,overcast clouds
468,Iquique,CL,-20.2208,-70.1431,64.44,74,33,0.51,scattered clouds
469,Pangkalanbuun,ID,-2.6833,111.6167,83.55,75,100,2.84,overcast clouds
470,Pangoa,PE,-12.1167,-73.0,70.95,80,79,2.57,broken clouds
471,Khandbari,NP,27.3747,87.2039,57.22,81,64,0.51,broken clouds
472,Gornopravdinsk,RU,60.05,69.9,5.79,94,95,8.43,overcast clouds
473,Ugoofaaru,MV,5.6667,73.0,81.25,76,96,10.02,overcast clouds
474,Baykalovo,RU,57.3981,63.7684,6.28,95,16,7.36,few clouds
475,Lafia,NG,8.4833,8.5167,75.78,33,2,3.36,clear sky
476,Veraval,IN,20.9,70.3667,74.79,38,37,7.16,scattered clouds
477,Deputatskiy,RU,69.3,139.9,-30.68,92,89,1.45,overcast clouds
478,Rorvik,NO,64.8621,11.2373,34.56,65,100,8.08,light rain
479,Woodstock,CA,43.1334,-80.7497,40.66,93,100,13.71,overcast clouds
480,Alekseyevsk,RU,57.8406,108.3492,17.89,95,100,4.45,light snow
481,Mayor Pablo Lagerenza,PY,-19.9309,-60.7718,82.74,58,76,4.94,broken clouds
482,Tias,ES,28.9611,-13.645,64.15,72,90,9.22,overcast clouds
483,Wufeng,CN,27.45,104.8333,38.59,92,100,3.09,overcast clouds
484,Rusape,ZW,-18.5278,32.1284,58.28,91,100,6.51,overcast clouds
485,El Tigre,VE,8.8875,-64.2454,76.03,80,84,6.2,broken clouds
486,Bilma,NE,18.6853,12.9164,73.58,20,0,6.46,clear sky
487,San Carlos De Bariloche,AR,-41.1456,-71.3082,46.56,81,98,5.44,overcast clouds
488,Kabinda,CD,-6.1333,24.4833,66.63,96,100,2.8,light rain
489,Agadez,NE,19.75,10.25,71.73,21,0,6.06,clear sky
490,Salym,RU,60.0625,71.4789,2.8,95,85,8.05,overcast clouds
491,Vaculesti,RO,47.8833,26.4167,36.05,70,1,4.05,clear sky
492,Albolote,ES,37.2309,-3.6551,45.34,86,40,1.99,scattered clouds
493,Tocopilla,CL,-22.092,-70.1979,64.06,70,93,1.54,overcast clouds
494,Melfort,CA,52.8667,-104.6177,14.76,93,95,7.72,overcast clouds
495,Portland,US,45.5234,-122.6762,53.73,74,100,4.0,overcast clouds
496,Piterka,RU,50.6803,47.4454,28.31,91,73,8.79,broken clouds
497,Evensk,RU,61.95,159.2333,-7.78,80,0,11.41,clear sky
498,Saryg-Sep,RU,51.5,95.6,18.82,87,100,3.29,overcast clouds
499,Mandalgovi,MN,45.7625,106.2708,25.72,52,0,11.86,clear sky
500,Namtsy,RU,62.7161,129.6658,-14.69,99,96,1.32,overcast clouds
501,Grand-Santi,GF,4.25,-54.3833,73.72,98,100,2.08,overcast clouds
502,Nabire,ID,-3.3667,135.4833,83.71,79,88,3.09,overcast clouds
503,Namatanai,PG,-3.6667,152.4333,86.14,62,84,2.48,broken clouds
504,Cupertino,US,37.323,-122.0322,61.32,62,1,1.99,clear sky
505,Smirnykh,RU,49.75,142.8333,34.65,75,100,15.82,overcast clouds
506,Olinda,BR,-8.0089,-34.8553,79.77,79,24,8.77,few clouds
507,Douentza,ML,14.9951,-2.9517,75.96,30,4,4.09,clear sky
508,Komsomolskiy,UZ,40.4272,71.7189,48.92,71,40,4.61,mist
509,Meulaboh,ID,4.1363,96.1285,79.02,85,84,3.53,broken clouds
510,Kahului,US,20.8947,-156.47,75.97,83,46,13.06,scattered clouds
511,Jizan,SA,17.3333,42.6667,79.48,67,3,2.66,clear sky
512,Flin Flon,CA,54.7682,-101.865,18.34,88,100,9.62,overcast clouds
513,Dondo,MZ,-19.6094,34.7431,74.62,68,100,8.93,overcast clouds
514,Puerto Madryn,AR,-42.7692,-65.0385,61.68,56,71,11.14,broken clouds
515,Seoul,KR,37.5683,126.9778,44.04,30,2,5.57,clear sky
516,Nioro,GM,13.35,-15.75,76.3,67,100,5.12,overcast clouds
517,Korla,CN,41.7597,86.1469,27.43,56,11,3.98,few clouds
518,Harper,LR,4.375,-7.7169,79.38,84,81,7.63,broken clouds
519,Ertil,RU,51.8406,40.8056,27.95,89,15,11.07,few clouds
520,Puerto El Triunfo,SV,13.2833,-88.55,76.35,77,46,6.06,scattered clouds
521,Zhangjiakou,CN,40.81,114.8794,30.18,53,0,3.4,clear sky
522,Grand Gaube,MU,-20.0064,57.6608,74.37,79,3,1.99,clear sky
523,Rock Sound,BS,24.9,-76.2,74.88,69,55,18.66,broken clouds
524,Ulagan,RU,50.6321,87.9563,26.08,95,100,4.38,snow
525,Tiznit,MA,29.5833,-9.5,53.65,71,100,2.08,overcast clouds
526,Tocache,PE,-8.1842,-76.5125,70.11,94,70,1.72,broken clouds
527,Borovichi,RU,58.3878,33.9155,34.48,84,100,14.32,overcast clouds
528,Bethel,US,41.3712,-73.414,51.03,56,100,5.19,overcast clouds
529,Slave Lake,CA,55.2834,-114.769,43.07,69,16,9.31,few clouds
530,Wagar,SD,16.1525,36.2032,73.71,77,0,12.33,clear sky
531,Shelburne,CA,44.0787,-80.2041,37.67,98,100,13.13,overcast clouds
532,Mapastepec,MX,15.4333,-92.9,75.24,77,48,3.78,scattered clouds
533,Aripuana,BR,-9.1667,-60.6333,73.44,97,84,0.6,light rain
534,Esquipulas,GT,14.5667,-89.35,62.64,98,67,5.32,broken clouds
535,Severo-Yeniseyskiy,RU,60.3725,93.0408,4.55,98,100,3.13,overcast clouds
536,Roma,US,43.2128,-75.4557,43.43,93,90,5.75,overcast clouds
537,Chiredzi,ZW,-21.05,31.6667,68.22,76,100,9.35,overcast clouds
538,Huaicheng,CN,23.9051,112.1931,68.09,48,0,2.66,clear sky
539,Rypefjord,NO,70.6333,23.6667,19.04,75,100,10.11,overcast clouds
540,Lumphat,KH,13.4878,106.9816,79.23,61,68,4.16,broken clouds
541,Nador,MA,35.174,-2.9287,52.05,82,20,2.3,few clouds
542,Zlynka,RU,52.4267,31.7378,31.44,90,9,16.11,clear sky
543,De-Kastri,RU,51.4667,140.7833,32.86,82,100,15.46,overcast clouds
544,Masuguru,TZ,-11.3667,38.4167,74.21,86,53,1.14,broken clouds
545,Necochea,AR,-38.5473,-58.7368,61.03,78,2,6.29,clear sky
546,Chandbali,IN,20.7833,86.7667,73.89,73,28,4.36,scattered clouds
547,Balabac,PH,7.9868,117.0645,82.33,76,100,1.72,moderate rain
548,Oxford,GB,51.7522,-1.256,40.19,87,91,1.01,overcast clouds
549,Eyl,SO,7.9803,49.8164,78.33,79,88,17.0,light rain
550,The Valley,AI,18.217,-63.0578,78.1,77,100,12.64,overcast clouds
551,Sampit,ID,-2.5333,112.95,83.41,69,100,3.31,overcast clouds
552,Erzin,TR,36.9559,36.2,50.52,83,93,2.8,overcast clouds
553,Marienburg,PL,54.0359,19.0266,38.89,80,100,14.94,overcast clouds
554,Xai-Xai,MZ,-25.0519,33.6442,68.29,82,61,9.1,light rain
555,Tayoltita,MX,24.0833,-105.9333,63.77,46,100,5.06,overcast clouds
556,Cilegon,ID,-6.0174,106.0538,84.09,65,100,6.85,overcast clouds
557,Sydney Mines,CA,46.2367,-60.2177,53.17,98,90,7.0,light intensity drizzle
558,Olafsvik,IS,64.8945,-23.7142,31.96,65,9,12.08,clear sky
559,Charagua,BO,-19.8,-63.2167,72.39,89,100,1.7,light rain
560,Ejura,GH,7.3856,-1.3562,74.62,80,5,4.18,clear sky
561,Chor,PK,25.5167,69.7667,70.57,30,0,5.37,clear sky
562,Narayangarh,IN,30.4833,77.1333,56.26,46,0,2.86,clear sky
563,Ruzomberok,SK,49.0748,19.3075,41.76,94,100,4.63,overcast clouds
564,Semey,KZ,50.4111,80.2275,10.62,85,75,15.66,light snow
565,Vikulovo,RU,56.8167,70.6107,-2.49,96,10,7.43,clear sky
566,Tianpeng,CN,30.9866,103.9393,55.72,59,100,3.24,overcast clouds
567,Drinovci,BA,43.355,17.3539,48.67,97,100,8.59,overcast clouds
568,Batagay,RU,67.6333,134.6333,-35.73,98,59,2.75,broken clouds
569,Yar-Sale,RU,66.8333,70.8333,1.35,91,99,6.76,overcast clouds
570,Ouadda,CF,8.0777,22.4007,65.88,28,78,3.85,broken clouds
571,Satara,IN,17.6833,73.9833,66.81,75,31,2.68,scattered clouds
572,Santa Cruz,BO,-17.8,-63.1667,74.91,86,100,7.72,overcast clouds
573,Hamilton,US,39.1834,-84.5333,43.12,90,90,1.99,overcast clouds
574,Monte Alegre,BR,-2.0078,-54.0692,78.67,77,97,2.71,overcast clouds
575,Portage,US,41.1667,-81.1998,45.81,93,90,9.22,heavy intensity rain
576,Masyaf,SY,35.0653,36.3406,51.85,85,2,1.5,clear sky
577,Virginia Beach,US,36.8529,-75.978,53.62,51,1,9.22,clear sky
578,Ambunti,PG,-4.2365,142.8448,76.19,95,100,2.91,light rain
579,Sungaipenuh,ID,-2.0833,101.3833,76.26,54,100,0.47,overcast clouds
580,Champerico,GT,14.3,-91.9167,80.35,75,78,3.31,broken clouds
581,Houma,US,29.5958,-90.7195,68.0,97,100,3.0,overcast clouds
582,Khani,GE,41.9563,42.9566,40.57,88,99,3.4,light rain
583,Nizhniy Ingash,RU,56.2,96.53,32.2,96,100,17.25,light snow
584,Carbondale,US,37.7273,-89.2168,33.22,83,0,12.57,clear sky
585,Saint-Augustin,CA,51.226,-58.6502,44.46,98,100,16.46,overcast clouds
586,Ketchikan,US,55.3422,-131.6461,40.69,95,100,11.52,light rain
587,Sao Joao Da Barra,BR,-21.6403,-41.0511,72.27,82,63,10.78,broken clouds
588,Mahanoro,MG,-19.9,48.8,73.63,92,100,17.81,light rain
589,Broken Hill,AU,-31.95,141.4333,67.66,45,0,26.22,clear sky
590,Sinnamary,GF,5.3833,-52.95,78.22,86,87,4.79,overcast clouds
591,Banda Aceh,ID,5.5577,95.3222,80.1,77,99,1.41,overcast clouds
592,Aden,YE,12.7794,45.0367,80.76,77,18,15.21,few clouds
593,Sal Rei,CV,16.1833,-22.9167,73.96,80,99,12.12,overcast clouds
594,Dunedin,NZ,-45.8742,170.5036,58.59,75,100,9.28,overcast clouds
595,Upata,VE,8.0086,-62.3989,70.79,96,88,3.71,overcast clouds
596,Cabedelo,BR,-6.9811,-34.8339,81.27,78,8,12.19,clear sky
597,Palma,ES,39.5694,2.6502,51.1,88,40,2.3,scattered clouds
598,Alta Floresta,BR,-9.8756,-56.0861,71.83,96,100,2.44,light rain
599,Makakilo City,US,21.3469,-158.0858,79.61,70,29,14.45,scattered clouds
600,Havoysund,NO,70.9963,24.6622,18.48,68,100,8.72,overcast clouds
601,Waddan,LY,29.1614,16.139,67.14,38,13,8.3,few clouds
602,Shima,CN,24.4478,117.8111,69.13,49,3,2.68,clear sky
603,Pringsewu,ID,-5.3582,104.9744,86.43,58,96,0.78,overcast clouds
604,Otautau,NZ,-46.15,168.0,50.79,99,100,3.13,light rain
605,Port-Gentil,GA,-0.7193,8.7815,81.05,79,100,8.52,overcast clouds
606,Awbari,LY,26.5921,12.7805,64.33,42,0,4.34,clear sky
607,Wanning,CN,18.8003,110.3967,72.93,62,2,12.68,clear sky
608,Maues,BR,-3.3836,-57.7186,78.03,83,100,2.82,overcast clouds
609,Owando,CG,-0.4819,15.8999,69.48,96,78,2.13,broken clouds
610,Tromso,NO,69.6496,18.957,21.22,63,0,6.91,clear sky
611,Fukue,JP,32.6881,128.8419,58.62,51,0,16.46,clear sky
612,Roebourne,AU,-20.7833,117.1333,90.41,24,31,17.83,scattered clouds
613,Tynda,RU,55.1667,124.7167,5.65,75,100,1.05,overcast clouds
614,Baryshivka,UA,50.361,31.3217,39.06,88,5,15.05,clear sky
615,Kathu,TH,7.9178,98.3332,82.22,81,100,8.25,overcast clouds
616,Marsh Harbour,BS,26.5412,-77.0636,73.18,63,95,12.37,overcast clouds
617,Luau,AO,-10.7073,22.2247,62.38,99,100,2.68,overcast clouds
618,Tazovskiy,RU,67.4667,78.7,0.5,97,100,5.28,overcast clouds
619,Luganville,VU,-15.5333,167.1667,84.06,65,3,9.17,clear sky
620,Puerto Escondido,MX,15.85,-97.0667,79.21,78,5,3.29,clear sky
621,Sivas,TR,39.7916,37.0019,36.23,100,90,1.14,overcast clouds
622,Tobermory,CA,45.2501,-81.6665,28.31,94,100,19.19,light snow
623,Kirksville,US,40.1948,-92.5833,22.12,55,0,1.01,clear sky
624,Lillooet,CA,50.6856,-121.942,39.06,94,100,4.81,overcast clouds
625,Okakarara,NA,-20.5833,17.4333,64.24,19,0,7.29,clear sky
626,Nidzica,PL,53.3605,20.4275,35.19,80,100,13.38,overcast clouds
627,Manyoni,TZ,-5.7467,34.8382,66.51,74,69,1.54,light rain
628,Sukumo,JP,32.9333,132.7333,60.98,56,2,11.92,clear sky
629,Vanimo,PG,-2.6741,141.3028,79.09,86,100,5.64,overcast clouds
630,Saint Anthony,US,45.0205,-93.218,19.26,51,1,0.0,clear sky
631,Novoagansk,RU,61.9449,76.6625,-0.17,95,92,9.86,overcast clouds
632,Bara,NG,10.3744,10.7288,70.95,20,8,6.71,clear sky
633,Ambanja,MG,-13.6833,48.45,73.6,94,94,1.92,moderate rain
634,Aljezur,PT,37.3191,-8.8033,47.07,85,6,7.38,clear sky
635,Tabas,IR,33.5959,56.9244,55.71,38,49,0.6,scattered clouds
636,Ferrol,ES,43.4832,-8.2369,53.28,68,100,17.29,overcast clouds
637,Zhigansk,RU,66.7697,123.3711,-4.68,97,100,14.07,light snow
638,Qasigiannguit,GL,68.8193,-51.1922,25.05,81,100,3.62,overcast clouds
639,Vardo,NO,70.3705,31.1107,25.84,64,98,12.26,overcast clouds
640,Tigil,RU,57.8,158.6667,16.3,79,34,14.2,scattered clouds
641,Bruhl,DE,50.8293,6.905,40.1,93,75,2.3,broken clouds
642,Najran,SA,17.4924,44.1277,59.23,46,3,1.21,clear sky
643,Banyo,CM,6.75,11.8167,65.19,57,7,2.51,clear sky
644,Rexburg,US,43.826,-111.7897,30.42,68,1,4.61,clear sky
645,Gorontalo,ID,0.5412,123.0595,83.77,82,100,1.92,overcast clouds
646,Kargopol,RU,61.5071,38.9456,35.02,99,100,11.3,light rain
647,Kortkeros,RU,61.8106,51.5806,15.8,94,100,5.55,overcast clouds
648,Cam Ranh,VN,11.9214,109.1591,76.96,65,75,14.97,light rain
649,Nhulunbuy,AU,-12.2333,136.7667,92.01,49,75,5.75,broken clouds
650,Poum,NC,-20.2333,164.0167,79.38,72,0,14.61,clear sky
651,Lanuza,PH,9.2342,126.0644,81.73,82,100,1.41,overcast clouds
652,Nevsehir,TR,38.9167,34.6667,40.21,87,75,1.14,broken clouds
653,Vaitape,PF,-16.5167,-151.75,82.11,72,8,15.26,clear sky
654,Phonhong,LA,18.5007,102.4166,73.22,73,65,1.25,broken clouds
655,Savannah Bight,HN,16.45,-85.85,75.0,77,80,10.51,broken clouds
656,Sao Joao Do Paraiso,BR,-15.3136,-42.0144,62.11,83,50,5.03,scattered clouds
657,Hovd,MN,48.0056,91.6419,30.76,36,100,9.1,overcast clouds
658,Tabora,TZ,-5.0167,32.8,65.34,89,100,2.48,light rain
659,Itoman,JP,26.1247,127.6694,75.58,56,40,12.66,scattered clouds
660,Vao,NC,-22.6667,167.4833,75.96,86,9,15.46,clear sky
661,Mahemdavad,IN,22.8333,72.7667,64.65,55,3,7.23,clear sky
662,Karla,EE,59.3723,24.9275,37.11,89,90,4.61,light rain
663,Raahe,FI,64.6833,24.4833,10.49,86,100,7.25,overcast clouds
664,Aksha,RU,50.2814,113.2867,12.36,78,98,2.15,overcast clouds
665,Tongchuan,CN,35.0806,109.0897,48.24,29,26,2.59,scattered clouds
666,Elko,US,41.0002,-115.5012,34.65,45,59,3.69,broken clouds
667,Akyab,MM,20.15,92.9,75.56,75,1,6.46,clear sky
668,Surakarta,ID,-7.5561,110.8317,85.03,66,87,11.48,overcast clouds
669,Novobelokatay,RU,55.7062,58.9549,18.99,95,99,10.47,overcast clouds
670,Teguise,ES,29.0605,-13.564,59.22,72,90,9.22,overcast clouds
671,Arkhangelskoye,RU,55.8549,35.3287,30.52,86,100,14.97,overcast clouds
672,Altay,CN,47.8667,88.1167,32.74,81,100,3.71,light snow
673,Huntingdon,GB,52.3305,-0.1865,38.1,87,94,7.0,overcast clouds
674,Paamiut,GL,61.994,-49.6678,34.16,99,100,2.77,light rain
675,Yavaros,MX,26.7,-109.5167,75.45,72,56,9.46,broken clouds
676,Isabela,PH,6.7085,121.9711,84.16,76,100,3.74,overcast clouds
677,Bowling Green,US,36.9903,-86.4436,40.64,88,90,10.36,overcast clouds
678,Semnan,IR,35.5729,53.3971,48.07,53,100,3.15,overcast clouds
679,Hay River,CA,60.8156,-115.7999,13.96,85,90,3.44,light snow
680,Yambio,SS,4.5721,28.3955,69.31,49,7,3.51,clear sky
681,Hualmay,PE,-11.0964,-77.6139,65.98,87,100,7.72,overcast clouds
682,Hachinohe,JP,40.5,141.5,34.83,64,85,13.73,overcast clouds
683,Ulladulla,AU,-35.35,150.4667,61.88,92,100,17.38,light rain
684,Pilar,BR,-9.5972,-35.9567,78.73,89,31,3.51,scattered clouds
685,Prestea,GH,5.4327,-2.1428,74.59,97,32,2.17,scattered clouds
686,Strezhevoy,RU,60.7333,77.5889,-5.82,98,81,7.76,broken clouds
687,Zdvinsk,RU,54.7021,78.661,-2.47,99,78,7.36,broken clouds
688,Biasca,CH,46.3597,8.9697,46.51,95,100,2.93,overcast clouds
689,San Jeronimo,PE,-11.9472,-75.2829,52.79,80,95,3.51,overcast clouds
690,Atyrau,KZ,47.1167,51.8833,21.22,93,0,4.47,mist
691,Coquimbo,CL,-29.9533,-71.3436,58.73,88,90,5.75,overcast clouds
692,Umm Lajj,SA,25.0213,37.2685,74.23,53,11,7.83,few clouds
693,Bonthe,SL,7.5264,-12.505,79.52,84,9,5.17,clear sky
694,Olpe,DE,51.0333,7.85,37.78,90,100,4.34,overcast clouds
695,Fort Dodge,US,42.4975,-94.168,21.4,26,6,2.82,clear sky
696,Chara,RU,56.9064,118.2631,-2.79,80,0,0.6,clear sky
697,Alihe,CN,50.5667,123.7167,15.48,67,100,2.66,overcast clouds
698,Novoye Leushino,RU,56.8073,40.5144,34.18,83,100,14.36,overcast clouds
699,Sampang,ID,-7.1872,113.2394,84.15,68,100,5.48,light rain
700,Natal,BR,-5.795,-35.2094,79.72,79,15,9.71,few clouds
701,Aniva,RU,46.7144,142.5294,26.71,75,48,7.07,scattered clouds
702,Walvis Bay,NA,-22.9575,14.5053,59.09,95,33,3.71,scattered clouds
703,Mutare,ZW,-18.9707,32.6709,60.19,94,100,5.23,overcast clouds
704,Havre,FR,49.5833,0.3333,44.37,65,75,10.36,broken clouds
